timestamp,ride_id,ride_name,is_open,wait_time,last_updated
2025-12-18 16:07:23.920700,5606,Alpine Express 'Enzian',True,5,2025-12-18T15:05:04.000Z
2025-12-18 16:07:23.920700,5624,Josefina’s Magical Imperial Journey,True,1,2025-12-18T15:05:04.000Z
2025-12-18 16:07:23.920700,5609,Tirol Log Flume,True,1,2025-12-18T15:05:04.000Z
2025-12-18 16:07:23.920700,5629,Vienna Wave Swing - 'Glückspilz',True,5,2025-12-18T15:05:04.000Z
2025-12-18 16:07:23.920700,13504,VirtualLine: Voltron Nevera powered by Rimac,True,14,2025-12-18T15:05:04.000Z
2025-12-18 16:07:23.920700,13349,Voltron Nevera powered by Rimac,True,15,2025-12-18T15:05:04.000Z
2025-12-18 16:07:23.920700,5621,Arena of Football - Be Part of It!,True,5,2025-12-18T15:05:04.000Z
2025-12-18 16:07:23.920700,5619,Euro-Tower,True,5,2025-12-18T15:05:04.000Z
2025-12-18 16:07:23.920700,5737,Eurosat - CanCan Coaster,True,10,2025-12-18T15:05:04.000Z
2025-12-18 16:07:23.920700,6280,Eurosat Coastiality,True,0,2025-12-18T15:05:04.000Z
2025-12-18 16:07:23.920700,5738,Madame Freudenreich Curiosités,True,1,2025-12-18T15:05:04.000Z
2025-12-18 16:07:23.920700,5604,Silver Star,True,5,2025-12-18T15:05:04.000Z
2025-12-18 16:07:23.920700,5631,Jim Button – Journey through Morrowland,True,1,2025-12-18T15:05:04.000Z
2025-12-18 16:07:23.920700,11753,VirtualLine: Voletarium,True,0,2025-12-18T15:05:04.000Z
2025-12-18 16:07:23.920700,5630,Voletarium,True,10,2025-12-18T15:05:04.000Z
2025-12-18 16:07:23.920700,5615,Atlantis Adventure,True,1,2025-12-18T15:05:04.000Z
2025-12-18 16:07:23.920700,5608,Pegasus,True,1,2025-12-18T15:05:04.000Z
2025-12-18 16:07:23.920700,11754,VirtualLine: Water Rollercoaster Poseidon,False,0,2025-12-18T15:05:04.000Z
2025-12-18 16:07:23.920700,5611,Water rollercoaster Poseidon,True,1,2025-12-18T15:05:04.000Z
2025-12-18 16:07:23.920700,5603,blue fire Megacoaster,True,5,2025-12-18T15:05:04.000Z
2025-12-18 16:07:23.920700,5614,Whale Adventures - Northern Lights,True,1,2025-12-18T15:05:04.000Z
2025-12-18 16:07:23.920700,5602,WODAN - Timburcoaster,True,10,2025-12-18T15:05:04.000Z
2025-12-18 16:07:23.920700,5622,Ba-a-a Express,True,5,2025-12-18T15:05:04.000Z
2025-12-18 16:07:23.920700,5623,Dancing Dingie,True,5,2025-12-18T15:05:04.000Z
2025-12-18 16:07:23.920700,5626,Old Mac Donald's Tractor Fun,True,1,2025-12-18T15:05:04.000Z
2025-12-18 16:07:23.920700,5616,Castello dei Medici,True,5,2025-12-18T15:05:04.000Z
2025-12-18 16:07:23.920700,5620,Volo da Vinci,True,1,2025-12-18T15:05:04.000Z
2025-12-18 16:07:23.920700,14534,GRAND PRIX EDventure,True,5,2025-12-18T15:05:04.000Z
2025-12-18 16:07:23.920700,5618,ARTHUR,True,25,2025-12-18T15:05:04.000Z
2025-12-18 16:07:23.920700,5627,Poppy Towers,True,5,2025-12-18T15:05:04.000Z
2025-12-18 16:07:23.920700,5617,Pirates in Batavia,True,5,2025-12-18T15:05:04.000Z
2025-12-18 16:07:23.920700,12440,'Bellevue' Ferris Wheel,True,5,2025-12-18T15:05:04.000Z
2025-12-18 16:07:23.920700,5610,Atlantica SuperSplash,False,0,2025-12-18T15:05:04.000Z
2025-12-18 16:07:23.920700,5605,Euro-Mir,True,5,2025-12-18T15:05:04.000Z
2025-12-18 16:07:23.920700,5612,Fjord-Rafting,False,0,2025-12-18T15:05:04.000Z
2025-12-18 16:07:23.920700,7301,Snorri Touren,True,1,2025-12-18T15:05:04.000Z
2025-12-18 16:07:23.920700,5628,Vindjammer,True,5,2025-12-18T15:05:04.000Z
2025-12-18 16:07:23.920700,5625,Kolumbusjolle,True,5,2025-12-18T15:05:04.000Z
2025-12-18 16:07:23.920700,5607,Matterhorn-Blitz,True,5,2025-12-18T15:05:04.000Z
2025-12-18 16:07:23.920700,5613,Swiss Bob Run,True,5,2025-12-18T15:05:04.000Z
2025-12-18 16:16:09.857286,5606,Alpine Express 'Enzian',True,5,2025-12-18T15:15:05.000Z
2025-12-18 16:16:09.857286,5624,Josefina’s Magical Imperial Journey,True,1,2025-12-18T15:15:05.000Z
2025-12-18 16:16:09.857286,5609,Tirol Log Flume,True,1,2025-12-18T15:15:05.000Z
2025-12-18 16:16:09.857286,5629,Vienna Wave Swing - 'Glückspilz',True,5,2025-12-18T15:15:05.000Z
2025-12-18 16:16:09.857286,13504,VirtualLine: Voltron Nevera powered by Rimac,True,24,2025-12-18T15:15:05.000Z
2025-12-18 16:16:09.857286,13349,Voltron Nevera powered by Rimac,True,15,2025-12-18T15:15:05.000Z
2025-12-18 16:16:09.857286,5621,Arena of Football - Be Part of It!,True,5,2025-12-18T15:15:05.000Z
2025-12-18 16:16:09.857286,5619,Euro-Tower,True,5,2025-12-18T15:15:05.000Z
2025-12-18 16:16:09.857286,5737,Eurosat - CanCan Coaster,True,10,2025-12-18T15:15:05.000Z
2025-12-18 16:16:09.857286,6280,Eurosat Coastiality,True,0,2025-12-18T15:15:05.000Z
2025-12-18 16:16:09.857286,5738,Madame Freudenreich Curiosités,True,1,2025-12-18T15:15:05.000Z
2025-12-18 16:16:09.857286,5604,Silver Star,True,5,2025-12-18T15:15:05.000Z
2025-12-18 16:16:09.857286,5631,Jim Button – Journey through Morrowland,True,1,2025-12-18T15:15:05.000Z
2025-12-18 16:16:09.857286,11753,VirtualLine: Voletarium,True,0,2025-12-18T15:15:05.000Z
2025-12-18 16:16:09.857286,5630,Voletarium,True,10,2025-12-18T15:15:05.000Z
2025-12-18 16:16:09.857286,5615,Atlantis Adventure,True,1,2025-12-18T15:15:05.000Z
2025-12-18 16:16:09.857286,5608,Pegasus,True,1,2025-12-18T15:15:05.000Z
2025-12-18 16:16:09.857286,11754,VirtualLine: Water Rollercoaster Poseidon,False,0,2025-12-18T15:15:05.000Z
2025-12-18 16:16:09.857286,5611,Water rollercoaster Poseidon,True,1,2025-12-18T15:15:05.000Z
2025-12-18 16:16:09.857286,5603,blue fire Megacoaster,True,5,2025-12-18T15:15:05.000Z
2025-12-18 16:16:09.857286,5614,Whale Adventures - Northern Lights,True,1,2025-12-18T15:15:05.000Z
2025-12-18 16:16:09.857286,5602,WODAN - Timburcoaster,True,15,2025-12-18T15:15:05.000Z
2025-12-18 16:16:09.857286,5622,Ba-a-a Express,True,5,2025-12-18T15:15:05.000Z
2025-12-18 16:16:09.857286,5623,Dancing Dingie,True,5,2025-12-18T15:15:05.000Z
2025-12-18 16:16:09.857286,5626,Old Mac Donald's Tractor Fun,True,1,2025-12-18T15:15:05.000Z
2025-12-18 16:16:09.857286,5616,Castello dei Medici,True,5,2025-12-18T15:15:05.000Z
2025-12-18 16:16:09.857286,5620,Volo da Vinci,True,1,2025-12-18T15:15:05.000Z
2025-12-18 16:16:09.857286,14534,GRAND PRIX EDventure,True,5,2025-12-18T15:15:05.000Z
2025-12-18 16:16:09.857286,5618,ARTHUR,True,25,2025-12-18T15:15:05.000Z
2025-12-18 16:16:09.857286,5627,Poppy Towers,True,5,2025-12-18T15:15:05.000Z
2025-12-18 16:16:09.857286,5617,Pirates in Batavia,True,5,2025-12-18T15:15:05.000Z
2025-12-18 16:16:09.857286,12440,'Bellevue' Ferris Wheel,True,5,2025-12-18T15:15:05.000Z
2025-12-18 16:16:09.857286,5610,Atlantica SuperSplash,False,0,2025-12-18T15:15:05.000Z
2025-12-18 16:16:09.857286,5605,Euro-Mir,True,5,2025-12-18T15:15:05.000Z
2025-12-18 16:16:09.857286,5612,Fjord-Rafting,False,0,2025-12-18T15:15:05.000Z
2025-12-18 16:16:09.857286,7301,Snorri Touren,True,1,2025-12-18T15:15:05.000Z
2025-12-18 16:16:09.857286,5628,Vindjammer,True,5,2025-12-18T15:15:05.000Z
2025-12-18 16:16:09.857286,5625,Kolumbusjolle,True,5,2025-12-18T15:15:05.000Z
2025-12-18 16:16:09.857286,5607,Matterhorn-Blitz,True,5,2025-12-18T15:15:05.000Z
2025-12-18 16:16:09.857286,5613,Swiss Bob Run,True,5,2025-12-18T15:15:05.000Z
2025-12-18 16:22:53.445673,5606,Alpine Express 'Enzian',True,5,2025-12-18T15:20:03.000Z
2025-12-18 16:22:53.445673,5624,Josefina’s Magical Imperial Journey,True,1,2025-12-18T15:20:03.000Z
2025-12-18 16:22:53.445673,5609,Tirol Log Flume,True,1,2025-12-18T15:20:03.000Z
2025-12-18 16:22:53.445673,5629,Vienna Wave Swing - 'Glückspilz',True,5,2025-12-18T15:20:03.000Z
2025-12-18 16:22:53.445673,13504,VirtualLine: Voltron Nevera powered by Rimac,True,19,2025-12-18T15:20:03.000Z
2025-12-18 16:22:53.445673,13349,Voltron Nevera powered by Rimac,True,15,2025-12-18T15:20:03.000Z
2025-12-18 16:22:53.445673,5621,Arena of Football - Be Part of It!,True,5,2025-12-18T15:20:03.000Z
2025-12-18 16:22:53.445673,5619,Euro-Tower,True,5,2025-12-18T15:20:03.000Z
2025-12-18 16:22:53.445673,5737,Eurosat - CanCan Coaster,True,10,2025-12-18T15:20:03.000Z
2025-12-18 16:22:53.445673,6280,Eurosat Coastiality,True,0,2025-12-18T15:20:03.000Z
2025-12-18 16:22:53.445673,5738,Madame Freudenreich Curiosités,True,1,2025-12-18T15:20:03.000Z
2025-12-18 16:22:53.445673,5604,Silver Star,True,5,2025-12-18T15:20:03.000Z
2025-12-18 16:22:53.445673,5631,Jim Button – Journey through Morrowland,True,1,2025-12-18T15:20:03.000Z
2025-12-18 16:22:53.445673,11753,VirtualLine: Voletarium,True,0,2025-12-18T15:20:03.000Z
2025-12-18 16:22:53.445673,5630,Voletarium,True,10,2025-12-18T15:20:03.000Z
2025-12-18 16:22:53.445673,5615,Atlantis Adventure,True,1,2025-12-18T15:20:03.000Z
2025-12-18 16:22:53.445673,5608,Pegasus,True,1,2025-12-18T15:20:03.000Z
2025-12-18 16:22:53.445673,11754,VirtualLine: Water Rollercoaster Poseidon,False,0,2025-12-18T15:20:03.000Z
2025-12-18 16:22:53.445673,5611,Water rollercoaster Poseidon,True,1,2025-12-18T15:20:03.000Z
2025-12-18 16:22:53.445673,5603,blue fire Megacoaster,True,5,2025-12-18T15:20:03.000Z
2025-12-18 16:22:53.445673,5614,Whale Adventures - Northern Lights,True,1,2025-12-18T15:20:03.000Z
2025-12-18 16:22:53.445673,5602,WODAN - Timburcoaster,True,15,2025-12-18T15:20:03.000Z
2025-12-18 16:22:53.445673,5622,Ba-a-a Express,True,5,2025-12-18T15:20:03.000Z
2025-12-18 16:22:53.445673,5623,Dancing Dingie,True,5,2025-12-18T15:20:03.000Z
2025-12-18 16:22:53.445673,5626,Old Mac Donald's Tractor Fun,True,1,2025-12-18T15:20:03.000Z
2025-12-18 16:22:53.445673,5616,Castello dei Medici,True,5,2025-12-18T15:20:03.000Z
2025-12-18 16:22:53.445673,5620,Volo da Vinci,True,1,2025-12-18T15:20:03.000Z
2025-12-18 16:22:53.445673,14534,GRAND PRIX EDventure,True,5,2025-12-18T15:20:03.000Z
2025-12-18 16:22:53.445673,5618,ARTHUR,True,25,2025-12-18T15:20:03.000Z
2025-12-18 16:22:53.445673,5627,Poppy Towers,True,5,2025-12-18T15:20:03.000Z
2025-12-18 16:22:53.445673,5617,Pirates in Batavia,True,5,2025-12-18T15:20:03.000Z
2025-12-18 16:22:53.445673,12440,'Bellevue' Ferris Wheel,True,5,2025-12-18T15:20:03.000Z
2025-12-18 16:22:53.445673,5610,Atlantica SuperSplash,False,0,2025-12-18T15:20:03.000Z
2025-12-18 16:22:53.445673,5605,Euro-Mir,True,5,2025-12-18T15:20:03.000Z
2025-12-18 16:22:53.445673,5612,Fjord-Rafting,False,0,2025-12-18T15:20:03.000Z
2025-12-18 16:22:53.445673,7301,Snorri Touren,True,1,2025-12-18T15:20:03.000Z
2025-12-18 16:22:53.445673,5628,Vindjammer,True,5,2025-12-18T15:20:03.000Z
2025-12-18 16:22:53.445673,5625,Kolumbusjolle,True,5,2025-12-18T15:20:03.000Z
2025-12-18 16:22:53.445673,5607,Matterhorn-Blitz,True,5,2025-12-18T15:20:03.000Z
2025-12-18 16:22:53.445673,5613,Swiss Bob Run,True,10,2025-12-18T15:20:03.000Z
2025-12-18 16:32:53.532736,5606,Alpine Express 'Enzian',True,5,2025-12-18T15:30:01.000Z
2025-12-18 16:32:53.532736,5624,Josefina’s Magical Imperial Journey,True,1,2025-12-18T15:30:01.000Z
2025-12-18 16:32:53.532736,5609,Tirol Log Flume,True,1,2025-12-18T15:30:01.000Z
2025-12-18 16:32:53.532736,5629,Vienna Wave Swing - 'Glückspilz',True,5,2025-12-18T15:30:01.000Z
2025-12-18 16:32:53.532736,13504,VirtualLine: Voltron Nevera powered by Rimac,True,19,2025-12-18T15:30:01.000Z
2025-12-18 16:32:53.532736,13349,Voltron Nevera powered by Rimac,True,15,2025-12-18T15:30:01.000Z
2025-12-18 16:32:53.532736,5621,Arena of Football - Be Part of It!,True,5,2025-12-18T15:30:01.000Z
2025-12-18 16:32:53.532736,5619,Euro-Tower,True,10,2025-12-18T15:30:01.000Z
2025-12-18 16:32:53.532736,5737,Eurosat - CanCan Coaster,True,10,2025-12-18T15:30:01.000Z
2025-12-18 16:32:53.532736,6280,Eurosat Coastiality,True,0,2025-12-18T15:30:01.000Z
2025-12-18 16:32:53.532736,5738,Madame Freudenreich Curiosités,True,1,2025-12-18T15:30:01.000Z
2025-12-18 16:32:53.532736,5604,Silver Star,True,5,2025-12-18T15:30:01.000Z
2025-12-18 16:32:53.532736,5631,Jim Button – Journey through Morrowland,True,1,2025-12-18T15:30:01.000Z
2025-12-18 16:32:53.532736,11753,VirtualLine: Voletarium,True,0,2025-12-18T15:30:01.000Z
2025-12-18 16:32:53.532736,5630,Voletarium,True,10,2025-12-18T15:30:01.000Z
2025-12-18 16:32:53.532736,5615,Atlantis Adventure,True,1,2025-12-18T15:30:01.000Z
2025-12-18 16:32:53.532736,5608,Pegasus,True,1,2025-12-18T15:30:01.000Z
2025-12-18 16:32:53.532736,11754,VirtualLine: Water Rollercoaster Poseidon,False,0,2025-12-18T15:30:01.000Z
2025-12-18 16:32:53.532736,5611,Water rollercoaster Poseidon,True,1,2025-12-18T15:30:01.000Z
2025-12-18 16:32:53.532736,5603,blue fire Megacoaster,True,5,2025-12-18T15:30:01.000Z
2025-12-18 16:32:53.532736,5614,Whale Adventures - Northern Lights,True,1,2025-12-18T15:30:01.000Z
2025-12-18 16:32:53.532736,5602,WODAN - Timburcoaster,True,10,2025-12-18T15:30:01.000Z
2025-12-18 16:32:53.532736,5622,Ba-a-a Express,True,5,2025-12-18T15:30:01.000Z
2025-12-18 16:32:53.532736,5623,Dancing Dingie,True,5,2025-12-18T15:30:01.000Z
2025-12-18 16:32:53.532736,5626,Old Mac Donald's Tractor Fun,True,1,2025-12-18T15:30:01.000Z
2025-12-18 16:32:53.532736,5616,Castello dei Medici,True,5,2025-12-18T15:30:01.000Z
2025-12-18 16:32:53.532736,5620,Volo da Vinci,True,1,2025-12-18T15:30:01.000Z
2025-12-18 16:32:53.532736,14534,GRAND PRIX EDventure,True,5,2025-12-18T15:30:01.000Z
2025-12-18 16:32:53.532736,5618,ARTHUR,True,25,2025-12-18T15:30:01.000Z
2025-12-18 16:32:53.532736,5627,Poppy Towers,True,5,2025-12-18T15:30:01.000Z
2025-12-18 16:32:53.532736,5617,Pirates in Batavia,True,5,2025-12-18T15:30:01.000Z
2025-12-18 16:32:53.532736,12440,'Bellevue' Ferris Wheel,True,5,2025-12-18T15:30:01.000Z
2025-12-18 16:32:53.532736,5610,Atlantica SuperSplash,False,0,2025-12-18T15:30:01.000Z
2025-12-18 16:32:53.532736,5605,Euro-Mir,True,5,2025-12-18T15:30:01.000Z
2025-12-18 16:32:53.532736,5612,Fjord-Rafting,False,0,2025-12-18T15:30:01.000Z
2025-12-18 16:32:53.532736,7301,Snorri Touren,True,1,2025-12-18T15:30:01.000Z
2025-12-18 16:32:53.532736,5628,Vindjammer,True,5,2025-12-18T15:30:01.000Z
2025-12-18 16:32:53.532736,5625,Kolumbusjolle,True,5,2025-12-18T15:30:01.000Z
2025-12-18 16:32:53.532736,5607,Matterhorn-Blitz,True,5,2025-12-18T15:30:01.000Z
2025-12-18 16:32:53.532736,5613,Swiss Bob Run,True,1,2025-12-18T15:30:01.000Z
2025-12-18 16:42:53.822238,5606,Alpine Express 'Enzian',True,10,2025-12-18T15:40:04.000Z
2025-12-18 16:42:53.822238,5624,Josefina’s Magical Imperial Journey,True,1,2025-12-18T15:40:04.000Z
2025-12-18 16:42:53.822238,5609,Tirol Log Flume,True,1,2025-12-18T15:40:04.000Z
2025-12-18 16:42:53.822238,5629,Vienna Wave Swing - 'Glückspilz',True,5,2025-12-18T15:40:04.000Z
2025-12-18 16:42:53.822238,13504,VirtualLine: Voltron Nevera powered by Rimac,True,19,2025-12-18T15:40:04.000Z
2025-12-18 16:42:53.822238,13349,Voltron Nevera powered by Rimac,True,15,2025-12-18T15:40:04.000Z
2025-12-18 16:42:53.822238,5621,Arena of Football - Be Part of It!,True,5,2025-12-18T15:40:04.000Z
2025-12-18 16:42:53.822238,5619,Euro-Tower,True,10,2025-12-18T15:40:04.000Z
2025-12-18 16:42:53.822238,5737,Eurosat - CanCan Coaster,True,10,2025-12-18T15:40:04.000Z
2025-12-18 16:42:53.822238,6280,Eurosat Coastiality,True,0,2025-12-18T15:40:04.000Z
2025-12-18 16:42:53.822238,5738,Madame Freudenreich Curiosités,True,1,2025-12-18T15:40:04.000Z
2025-12-18 16:42:53.822238,5604,Silver Star,True,5,2025-12-18T15:40:04.000Z
2025-12-18 16:42:53.822238,5631,Jim Button – Journey through Morrowland,True,1,2025-12-18T15:40:04.000Z
2025-12-18 16:42:53.822238,11753,VirtualLine: Voletarium,True,0,2025-12-18T15:40:04.000Z
2025-12-18 16:42:53.822238,5630,Voletarium,True,10,2025-12-18T15:40:04.000Z
2025-12-18 16:42:53.822238,5615,Atlantis Adventure,True,1,2025-12-18T15:40:04.000Z
2025-12-18 16:42:53.822238,5608,Pegasus,True,1,2025-12-18T15:40:04.000Z
2025-12-18 16:42:53.822238,11754,VirtualLine: Water Rollercoaster Poseidon,False,0,2025-12-18T15:40:04.000Z
2025-12-18 16:42:53.822238,5611,Water rollercoaster Poseidon,True,1,2025-12-18T15:40:04.000Z
2025-12-18 16:42:53.822238,5603,blue fire Megacoaster,True,5,2025-12-18T15:40:04.000Z
2025-12-18 16:42:53.822238,5614,Whale Adventures - Northern Lights,True,1,2025-12-18T15:40:04.000Z
2025-12-18 16:42:53.822238,5602,WODAN - Timburcoaster,True,5,2025-12-18T15:40:04.000Z
2025-12-18 16:42:53.822238,5622,Ba-a-a Express,True,5,2025-12-18T15:40:04.000Z
2025-12-18 16:42:53.822238,5623,Dancing Dingie,True,5,2025-12-18T15:40:04.000Z
2025-12-18 16:42:53.822238,5626,Old Mac Donald's Tractor Fun,True,1,2025-12-18T15:40:04.000Z
2025-12-18 16:42:53.822238,5616,Castello dei Medici,True,5,2025-12-18T15:40:04.000Z
2025-12-18 16:42:53.822238,5620,Volo da Vinci,True,1,2025-12-18T15:40:04.000Z
2025-12-18 16:42:53.822238,14534,GRAND PRIX EDventure,True,5,2025-12-18T15:40:04.000Z
2025-12-18 16:42:53.822238,5618,ARTHUR,True,25,2025-12-18T15:40:04.000Z
2025-12-18 16:42:53.822238,5627,Poppy Towers,True,5,2025-12-18T15:40:04.000Z
2025-12-18 16:42:53.822238,5617,Pirates in Batavia,True,5,2025-12-18T15:40:04.000Z
2025-12-18 16:42:53.822238,12440,'Bellevue' Ferris Wheel,True,5,2025-12-18T15:40:04.000Z
2025-12-18 16:42:53.822238,5610,Atlantica SuperSplash,False,0,2025-12-18T15:40:04.000Z
2025-12-18 16:42:53.822238,5605,Euro-Mir,True,5,2025-12-18T15:40:04.000Z
2025-12-18 16:42:53.822238,5612,Fjord-Rafting,False,0,2025-12-18T15:40:04.000Z
2025-12-18 16:42:53.822238,7301,Snorri Touren,True,1,2025-12-18T15:40:04.000Z
2025-12-18 16:42:53.822238,5628,Vindjammer,True,5,2025-12-18T15:40:04.000Z
2025-12-18 16:42:53.822238,5625,Kolumbusjolle,True,5,2025-12-18T15:40:04.000Z
2025-12-18 16:42:53.822238,5607,Matterhorn-Blitz,True,5,2025-12-18T15:40:04.000Z
2025-12-18 16:42:53.822238,5613,Swiss Bob Run,True,5,2025-12-18T15:40:04.000Z
2025-12-18 16:52:54.126091,5606,Alpine Express 'Enzian',True,10,2025-12-18T15:50:05.000Z
2025-12-18 16:52:54.126091,5624,Josefina’s Magical Imperial Journey,True,1,2025-12-18T15:50:05.000Z
2025-12-18 16:52:54.126091,5609,Tirol Log Flume,True,1,2025-12-18T15:50:05.000Z
2025-12-18 16:52:54.126091,5629,Vienna Wave Swing - 'Glückspilz',True,5,2025-12-18T15:50:05.000Z
2025-12-18 16:52:54.126091,13504,VirtualLine: Voltron Nevera powered by Rimac,True,29,2025-12-18T15:50:05.000Z
2025-12-18 16:52:54.126091,13349,Voltron Nevera powered by Rimac,True,15,2025-12-18T15:50:05.000Z
2025-12-18 16:52:54.126091,5621,Arena of Football - Be Part of It!,True,5,2025-12-18T15:50:05.000Z
2025-12-18 16:52:54.126091,5619,Euro-Tower,True,10,2025-12-18T15:50:05.000Z
2025-12-18 16:52:54.126091,5737,Eurosat - CanCan Coaster,True,10,2025-12-18T15:50:05.000Z
2025-12-18 16:52:54.126091,6280,Eurosat Coastiality,True,0,2025-12-18T15:50:05.000Z
2025-12-18 16:52:54.126091,5738,Madame Freudenreich Curiosités,True,1,2025-12-18T15:50:05.000Z
2025-12-18 16:52:54.126091,5604,Silver Star,True,5,2025-12-18T15:50:05.000Z
2025-12-18 16:52:54.126091,5631,Jim Button – Journey through Morrowland,True,1,2025-12-18T15:50:05.000Z
2025-12-18 16:52:54.126091,11753,VirtualLine: Voletarium,True,0,2025-12-18T15:50:05.000Z
2025-12-18 16:52:54.126091,5630,Voletarium,True,10,2025-12-18T15:50:05.000Z
2025-12-18 16:52:54.126091,5615,Atlantis Adventure,True,1,2025-12-18T15:50:05.000Z
2025-12-18 16:52:54.126091,5608,Pegasus,True,1,2025-12-18T15:50:05.000Z
2025-12-18 16:52:54.126091,11754,VirtualLine: Water Rollercoaster Poseidon,False,0,2025-12-18T15:50:05.000Z
2025-12-18 16:52:54.126091,5611,Water rollercoaster Poseidon,True,1,2025-12-18T15:50:05.000Z
2025-12-18 16:52:54.126091,5603,blue fire Megacoaster,True,5,2025-12-18T15:50:05.000Z
2025-12-18 16:52:54.126091,5614,Whale Adventures - Northern Lights,True,1,2025-12-18T15:50:05.000Z
2025-12-18 16:52:54.126091,5602,WODAN - Timburcoaster,True,5,2025-12-18T15:50:05.000Z
2025-12-18 16:52:54.126091,5622,Ba-a-a Express,True,5,2025-12-18T15:50:05.000Z
2025-12-18 16:52:54.126091,5623,Dancing Dingie,True,5,2025-12-18T15:50:05.000Z
2025-12-18 16:52:54.126091,5626,Old Mac Donald's Tractor Fun,True,1,2025-12-18T15:50:05.000Z
2025-12-18 16:52:54.126091,5616,Castello dei Medici,True,5,2025-12-18T15:50:05.000Z
2025-12-18 16:52:54.126091,5620,Volo da Vinci,True,1,2025-12-18T15:50:05.000Z
2025-12-18 16:52:54.126091,14534,GRAND PRIX EDventure,True,5,2025-12-18T15:50:05.000Z
2025-12-18 16:52:54.126091,5618,ARTHUR,True,15,2025-12-18T15:50:05.000Z
2025-12-18 16:52:54.126091,5627,Poppy Towers,True,5,2025-12-18T15:50:05.000Z
2025-12-18 16:52:54.126091,5617,Pirates in Batavia,True,5,2025-12-18T15:50:05.000Z
2025-12-18 16:52:54.126091,12440,'Bellevue' Ferris Wheel,True,5,2025-12-18T15:50:05.000Z
2025-12-18 16:52:54.126091,5610,Atlantica SuperSplash,False,0,2025-12-18T15:50:05.000Z
2025-12-18 16:52:54.126091,5605,Euro-Mir,True,5,2025-12-18T15:50:05.000Z
2025-12-18 16:52:54.126091,5612,Fjord-Rafting,False,0,2025-12-18T15:50:05.000Z
2025-12-18 16:52:54.126091,7301,Snorri Touren,True,1,2025-12-18T15:50:05.000Z
2025-12-18 16:52:54.126091,5628,Vindjammer,True,5,2025-12-18T15:50:05.000Z
2025-12-18 16:52:54.126091,5625,Kolumbusjolle,True,5,2025-12-18T15:50:05.000Z
2025-12-18 16:52:54.126091,5607,Matterhorn-Blitz,True,5,2025-12-18T15:50:05.000Z
2025-12-18 16:52:54.126091,5613,Swiss Bob Run,True,5,2025-12-18T15:50:05.000Z
2025-12-18 17:02:54.209905,5606,Alpine Express 'Enzian',True,1,2025-12-18T16:00:03.000Z
2025-12-18 17:02:54.209905,5624,Josefina’s Magical Imperial Journey,True,1,2025-12-18T16:00:03.000Z
2025-12-18 17:02:54.209905,5609,Tirol Log Flume,True,1,2025-12-18T16:00:03.000Z
2025-12-18 17:02:54.209905,5629,Vienna Wave Swing - 'Glückspilz',True,5,2025-12-18T16:00:03.000Z
2025-12-18 17:02:54.209905,13504,VirtualLine: Voltron Nevera powered by Rimac,True,19,2025-12-18T16:00:03.000Z
2025-12-18 17:02:54.209905,13349,Voltron Nevera powered by Rimac,True,15,2025-12-18T16:00:03.000Z
2025-12-18 17:02:54.209905,5621,Arena of Football - Be Part of It!,True,5,2025-12-18T16:00:03.000Z
2025-12-18 17:02:54.209905,5619,Euro-Tower,True,10,2025-12-18T16:00:03.000Z
2025-12-18 17:02:54.209905,5737,Eurosat - CanCan Coaster,True,5,2025-12-18T16:00:03.000Z
2025-12-18 17:02:54.209905,6280,Eurosat Coastiality,True,0,2025-12-18T16:00:03.000Z
2025-12-18 17:02:54.209905,5738,Madame Freudenreich Curiosités,True,1,2025-12-18T16:00:03.000Z
2025-12-18 17:02:54.209905,5604,Silver Star,True,10,2025-12-18T16:00:03.000Z
2025-12-18 17:02:54.209905,5631,Jim Button – Journey through Morrowland,True,1,2025-12-18T16:00:03.000Z
2025-12-18 17:02:54.209905,11753,VirtualLine: Voletarium,True,0,2025-12-18T16:00:03.000Z
2025-12-18 17:02:54.209905,5630,Voletarium,True,10,2025-12-18T16:00:03.000Z
2025-12-18 17:02:54.209905,5615,Atlantis Adventure,True,1,2025-12-18T16:00:03.000Z
2025-12-18 17:02:54.209905,5608,Pegasus,True,1,2025-12-18T16:00:03.000Z
2025-12-18 17:02:54.209905,11754,VirtualLine: Water Rollercoaster Poseidon,False,0,2025-12-18T16:00:03.000Z
2025-12-18 17:02:54.209905,5611,Water rollercoaster Poseidon,True,1,2025-12-18T16:00:03.000Z
2025-12-18 17:02:54.209905,5603,blue fire Megacoaster,True,5,2025-12-18T16:00:03.000Z
2025-12-18 17:02:54.209905,5614,Whale Adventures - Northern Lights,True,1,2025-12-18T16:00:03.000Z
2025-12-18 17:02:54.209905,5602,WODAN - Timburcoaster,True,10,2025-12-18T16:00:03.000Z
2025-12-18 17:02:54.209905,5622,Ba-a-a Express,True,5,2025-12-18T16:00:03.000Z
2025-12-18 17:02:54.209905,5623,Dancing Dingie,True,5,2025-12-18T16:00:03.000Z
2025-12-18 17:02:54.209905,5626,Old Mac Donald's Tractor Fun,True,1,2025-12-18T16:00:03.000Z
2025-12-18 17:02:54.209905,5616,Castello dei Medici,True,5,2025-12-18T16:00:03.000Z
2025-12-18 17:02:54.209905,5620,Volo da Vinci,True,1,2025-12-18T16:00:03.000Z
2025-12-18 17:02:54.209905,14534,GRAND PRIX EDventure,True,5,2025-12-18T16:00:03.000Z
2025-12-18 17:02:54.209905,5618,ARTHUR,True,20,2025-12-18T16:00:03.000Z
2025-12-18 17:02:54.209905,5627,Poppy Towers,True,5,2025-12-18T16:00:03.000Z
2025-12-18 17:02:54.209905,5617,Pirates in Batavia,True,5,2025-12-18T16:00:03.000Z
2025-12-18 17:02:54.209905,12440,'Bellevue' Ferris Wheel,True,5,2025-12-18T16:00:03.000Z
2025-12-18 17:02:54.209905,5610,Atlantica SuperSplash,False,0,2025-12-18T16:00:03.000Z
2025-12-18 17:02:54.209905,5605,Euro-Mir,True,5,2025-12-18T16:00:03.000Z
2025-12-18 17:02:54.209905,5612,Fjord-Rafting,False,0,2025-12-18T16:00:03.000Z
2025-12-18 17:02:54.209905,7301,Snorri Touren,True,1,2025-12-18T16:00:03.000Z
2025-12-18 17:02:54.209905,5628,Vindjammer,True,5,2025-12-18T16:00:03.000Z
2025-12-18 17:02:54.209905,5625,Kolumbusjolle,True,5,2025-12-18T16:00:03.000Z
2025-12-18 17:02:54.209905,5607,Matterhorn-Blitz,True,5,2025-12-18T16:00:03.000Z
2025-12-18 17:02:54.209905,5613,Swiss Bob Run,True,5,2025-12-18T16:00:03.000Z
2025-12-18 17:12:54.497948,5606,Alpine Express 'Enzian',True,1,2025-12-18T16:10:05.000Z
2025-12-18 17:12:54.497948,5624,Josefina’s Magical Imperial Journey,True,1,2025-12-18T16:10:05.000Z
2025-12-18 17:12:54.497948,5609,Tirol Log Flume,True,1,2025-12-18T16:10:05.000Z
2025-12-18 17:12:54.497948,5629,Vienna Wave Swing - 'Glückspilz',True,5,2025-12-18T16:10:05.000Z
2025-12-18 17:12:54.497948,13504,VirtualLine: Voltron Nevera powered by Rimac,True,29,2025-12-18T16:10:05.000Z
2025-12-18 17:12:54.497948,13349,Voltron Nevera powered by Rimac,True,15,2025-12-18T16:10:05.000Z
2025-12-18 17:12:54.497948,5621,Arena of Football - Be Part of It!,True,5,2025-12-18T16:10:05.000Z
2025-12-18 17:12:54.497948,5619,Euro-Tower,True,10,2025-12-18T16:10:05.000Z
2025-12-18 17:12:54.497948,5737,Eurosat - CanCan Coaster,True,5,2025-12-18T16:10:05.000Z
2025-12-18 17:12:54.497948,6280,Eurosat Coastiality,True,0,2025-12-18T16:10:05.000Z
2025-12-18 17:12:54.497948,5738,Madame Freudenreich Curiosités,True,1,2025-12-18T16:10:05.000Z
2025-12-18 17:12:54.497948,5604,Silver Star,True,10,2025-12-18T16:10:05.000Z
2025-12-18 17:12:54.497948,5631,Jim Button – Journey through Morrowland,True,1,2025-12-18T16:10:05.000Z
2025-12-18 17:12:54.497948,11753,VirtualLine: Voletarium,True,0,2025-12-18T16:10:05.000Z
2025-12-18 17:12:54.497948,5630,Voletarium,True,10,2025-12-18T16:10:05.000Z
2025-12-18 17:12:54.497948,5615,Atlantis Adventure,True,1,2025-12-18T16:10:05.000Z
2025-12-18 17:12:54.497948,5608,Pegasus,True,1,2025-12-18T16:10:05.000Z
2025-12-18 17:12:54.497948,11754,VirtualLine: Water Rollercoaster Poseidon,False,0,2025-12-18T16:10:05.000Z
2025-12-18 17:12:54.497948,5611,Water rollercoaster Poseidon,True,1,2025-12-18T16:10:05.000Z
2025-12-18 17:12:54.497948,5603,blue fire Megacoaster,True,5,2025-12-18T16:10:05.000Z
2025-12-18 17:12:54.497948,5614,Whale Adventures - Northern Lights,True,1,2025-12-18T16:10:05.000Z
2025-12-18 17:12:54.497948,5602,WODAN - Timburcoaster,True,15,2025-12-18T16:10:05.000Z
2025-12-18 17:12:54.497948,5622,Ba-a-a Express,True,5,2025-12-18T16:10:05.000Z
2025-12-18 17:12:54.497948,5623,Dancing Dingie,True,5,2025-12-18T16:10:05.000Z
2025-12-18 17:12:54.497948,5626,Old Mac Donald's Tractor Fun,True,1,2025-12-18T16:10:05.000Z
2025-12-18 17:12:54.497948,5616,Castello dei Medici,True,5,2025-12-18T16:10:05.000Z
2025-12-18 17:12:54.497948,5620,Volo da Vinci,True,1,2025-12-18T16:10:05.000Z
2025-12-18 17:12:54.497948,14534,GRAND PRIX EDventure,True,5,2025-12-18T16:10:05.000Z
2025-12-18 17:12:54.497948,5618,ARTHUR,True,20,2025-12-18T16:10:05.000Z
2025-12-18 17:12:54.497948,5627,Poppy Towers,True,5,2025-12-18T16:10:05.000Z
2025-12-18 17:12:54.497948,5617,Pirates in Batavia,True,5,2025-12-18T16:10:05.000Z
2025-12-18 17:12:54.497948,12440,'Bellevue' Ferris Wheel,True,5,2025-12-18T16:10:05.000Z
2025-12-18 17:12:54.497948,5610,Atlantica SuperSplash,False,0,2025-12-18T16:10:05.000Z
2025-12-18 17:12:54.497948,5605,Euro-Mir,True,1,2025-12-18T16:10:05.000Z
2025-12-18 17:12:54.497948,5612,Fjord-Rafting,False,0,2025-12-18T16:10:05.000Z
2025-12-18 17:12:54.497948,7301,Snorri Touren,True,1,2025-12-18T16:10:05.000Z
2025-12-18 17:12:54.497948,5628,Vindjammer,True,5,2025-12-18T16:10:05.000Z
2025-12-18 17:12:54.497948,5625,Kolumbusjolle,True,5,2025-12-18T16:10:05.000Z
2025-12-18 17:12:54.497948,5607,Matterhorn-Blitz,True,5,2025-12-18T16:10:05.000Z
2025-12-18 17:12:54.497948,5613,Swiss Bob Run,True,1,2025-12-18T16:10:05.000Z
2025-12-18 17:22:54.579485,5606,Alpine Express 'Enzian',True,1,2025-12-18T16:20:01.000Z
2025-12-18 17:22:54.579485,5624,Josefina’s Magical Imperial Journey,False,0,2025-12-18T16:20:01.000Z
2025-12-18 17:22:54.579485,5609,Tirol Log Flume,True,1,2025-12-18T16:20:01.000Z
2025-12-18 17:22:54.579485,5629,Vienna Wave Swing - 'Glückspilz',True,5,2025-12-18T16:20:01.000Z
2025-12-18 17:22:54.579485,13504,VirtualLine: Voltron Nevera powered by Rimac,True,29,2025-12-18T16:20:01.000Z
2025-12-18 17:22:54.579485,13349,Voltron Nevera powered by Rimac,True,15,2025-12-18T16:20:01.000Z
2025-12-18 17:22:54.579485,5621,Arena of Football - Be Part of It!,True,5,2025-12-18T16:20:01.000Z
2025-12-18 17:22:54.579485,5619,Euro-Tower,True,10,2025-12-18T16:20:01.000Z
2025-12-18 17:22:54.579485,5737,Eurosat - CanCan Coaster,True,10,2025-12-18T16:20:01.000Z
2025-12-18 17:22:54.579485,6280,Eurosat Coastiality,True,0,2025-12-18T16:20:01.000Z
2025-12-18 17:22:54.579485,5738,Madame Freudenreich Curiosités,True,1,2025-12-18T16:20:01.000Z
2025-12-18 17:22:54.579485,5604,Silver Star,True,10,2025-12-18T16:20:01.000Z
2025-12-18 17:22:54.579485,5631,Jim Button – Journey through Morrowland,True,1,2025-12-18T16:20:01.000Z
2025-12-18 17:22:54.579485,11753,VirtualLine: Voletarium,True,0,2025-12-18T16:20:01.000Z
2025-12-18 17:22:54.579485,5630,Voletarium,True,10,2025-12-18T16:20:01.000Z
2025-12-18 17:22:54.579485,5615,Atlantis Adventure,True,1,2025-12-18T16:20:01.000Z
2025-12-18 17:22:54.579485,5608,Pegasus,True,1,2025-12-18T16:20:01.000Z
2025-12-18 17:22:54.579485,11754,VirtualLine: Water Rollercoaster Poseidon,False,0,2025-12-18T16:20:01.000Z
2025-12-18 17:22:54.579485,5611,Water rollercoaster Poseidon,True,1,2025-12-18T16:20:01.000Z
2025-12-18 17:22:54.579485,5603,blue fire Megacoaster,True,5,2025-12-18T16:20:01.000Z
2025-12-18 17:22:54.579485,5614,Whale Adventures - Northern Lights,True,1,2025-12-18T16:20:01.000Z
2025-12-18 17:22:54.579485,5602,WODAN - Timburcoaster,True,15,2025-12-18T16:20:01.000Z
2025-12-18 17:22:54.579485,5622,Ba-a-a Express,True,5,2025-12-18T16:20:01.000Z
2025-12-18 17:22:54.579485,5623,Dancing Dingie,True,5,2025-12-18T16:20:01.000Z
2025-12-18 17:22:54.579485,5626,Old Mac Donald's Tractor Fun,True,1,2025-12-18T16:20:01.000Z
2025-12-18 17:22:54.579485,5616,Castello dei Medici,True,5,2025-12-18T16:20:01.000Z
2025-12-18 17:22:54.579485,5620,Volo da Vinci,True,1,2025-12-18T16:20:01.000Z
2025-12-18 17:22:54.579485,14534,GRAND PRIX EDventure,True,5,2025-12-18T16:20:01.000Z
2025-12-18 17:22:54.579485,5618,ARTHUR,True,20,2025-12-18T16:20:01.000Z
2025-12-18 17:22:54.579485,5627,Poppy Towers,True,5,2025-12-18T16:20:01.000Z
2025-12-18 17:22:54.579485,5617,Pirates in Batavia,True,5,2025-12-18T16:20:01.000Z
2025-12-18 17:22:54.579485,12440,'Bellevue' Ferris Wheel,True,5,2025-12-18T16:20:01.000Z
2025-12-18 17:22:54.579485,5610,Atlantica SuperSplash,False,0,2025-12-18T16:20:01.000Z
2025-12-18 17:22:54.579485,5605,Euro-Mir,True,1,2025-12-18T16:20:01.000Z
2025-12-18 17:22:54.579485,5612,Fjord-Rafting,False,0,2025-12-18T16:20:01.000Z
2025-12-18 17:22:54.579485,7301,Snorri Touren,True,1,2025-12-18T16:20:01.000Z
2025-12-18 17:22:54.579485,5628,Vindjammer,True,5,2025-12-18T16:20:01.000Z
2025-12-18 17:22:54.579485,5625,Kolumbusjolle,True,5,2025-12-18T16:20:01.000Z
2025-12-18 17:22:54.579485,5607,Matterhorn-Blitz,True,5,2025-12-18T16:20:01.000Z
2025-12-18 17:22:54.579485,5613,Swiss Bob Run,True,1,2025-12-18T16:20:01.000Z
2025-12-18 17:32:54.662451,5606,Alpine Express 'Enzian',True,1,2025-12-18T16:30:05.000Z
2025-12-18 17:32:54.662451,5624,Josefina’s Magical Imperial Journey,False,0,2025-12-18T16:30:05.000Z
2025-12-18 17:32:54.662451,5609,Tirol Log Flume,True,1,2025-12-18T16:30:05.000Z
2025-12-18 17:32:54.662451,5629,Vienna Wave Swing - 'Glückspilz',True,5,2025-12-18T16:30:05.000Z
2025-12-18 17:32:54.662451,13504,VirtualLine: Voltron Nevera powered by Rimac,True,19,2025-12-18T16:30:05.000Z
2025-12-18 17:32:54.662451,13349,Voltron Nevera powered by Rimac,True,20,2025-12-18T16:30:05.000Z
2025-12-18 17:32:54.662451,5621,Arena of Football - Be Part of It!,True,5,2025-12-18T16:30:05.000Z
2025-12-18 17:32:54.662451,5619,Euro-Tower,True,10,2025-12-18T16:30:05.000Z
2025-12-18 17:32:54.662451,5737,Eurosat - CanCan Coaster,True,10,2025-12-18T16:30:05.000Z
2025-12-18 17:32:54.662451,6280,Eurosat Coastiality,True,0,2025-12-18T16:30:05.000Z
2025-12-18 17:32:54.662451,5738,Madame Freudenreich Curiosités,True,1,2025-12-18T16:30:05.000Z
2025-12-18 17:32:54.662451,5604,Silver Star,True,10,2025-12-18T16:30:05.000Z
2025-12-18 17:32:54.662451,5631,Jim Button – Journey through Morrowland,True,1,2025-12-18T16:30:05.000Z
2025-12-18 17:32:54.662451,11753,VirtualLine: Voletarium,True,0,2025-12-18T16:30:05.000Z
2025-12-18 17:32:54.662451,5630,Voletarium,True,10,2025-12-18T16:30:05.000Z
2025-12-18 17:32:54.662451,5615,Atlantis Adventure,True,1,2025-12-18T16:30:05.000Z
2025-12-18 17:32:54.662451,5608,Pegasus,True,1,2025-12-18T16:30:05.000Z
2025-12-18 17:32:54.662451,11754,VirtualLine: Water Rollercoaster Poseidon,False,0,2025-12-18T16:30:05.000Z
2025-12-18 17:32:54.662451,5611,Water rollercoaster Poseidon,True,1,2025-12-18T16:30:05.000Z
2025-12-18 17:32:54.662451,5603,blue fire Megacoaster,True,5,2025-12-18T16:30:05.000Z
2025-12-18 17:32:54.662451,5614,Whale Adventures - Northern Lights,True,1,2025-12-18T16:30:05.000Z
2025-12-18 17:32:54.662451,5602,WODAN - Timburcoaster,True,20,2025-12-18T16:30:05.000Z
2025-12-18 17:32:54.662451,5622,Ba-a-a Express,True,5,2025-12-18T16:30:05.000Z
2025-12-18 17:32:54.662451,5623,Dancing Dingie,True,5,2025-12-18T16:30:05.000Z
2025-12-18 17:32:54.662451,5626,Old Mac Donald's Tractor Fun,True,1,2025-12-18T16:30:05.000Z
2025-12-18 17:32:54.662451,5616,Castello dei Medici,True,5,2025-12-18T16:30:05.000Z
2025-12-18 17:32:54.662451,5620,Volo da Vinci,True,1,2025-12-18T16:30:05.000Z
2025-12-18 17:32:54.662451,14534,GRAND PRIX EDventure,True,5,2025-12-18T16:30:05.000Z
2025-12-18 17:32:54.662451,5618,ARTHUR,True,20,2025-12-18T16:30:05.000Z
2025-12-18 17:32:54.662451,5627,Poppy Towers,True,5,2025-12-18T16:30:05.000Z
2025-12-18 17:32:54.662451,5617,Pirates in Batavia,True,5,2025-12-18T16:30:05.000Z
2025-12-18 17:32:54.662451,12440,'Bellevue' Ferris Wheel,True,5,2025-12-18T16:30:05.000Z
2025-12-18 17:32:54.662451,5610,Atlantica SuperSplash,False,0,2025-12-18T16:30:05.000Z
2025-12-18 17:32:54.662451,5605,Euro-Mir,True,1,2025-12-18T16:30:05.000Z
2025-12-18 17:32:54.662451,5612,Fjord-Rafting,False,0,2025-12-18T16:30:05.000Z
2025-12-18 17:32:54.662451,7301,Snorri Touren,True,1,2025-12-18T16:30:05.000Z
2025-12-18 17:32:54.662451,5628,Vindjammer,True,5,2025-12-18T16:30:05.000Z
2025-12-18 17:32:54.662451,5625,Kolumbusjolle,True,5,2025-12-18T16:30:05.000Z
2025-12-18 17:32:54.662451,5607,Matterhorn-Blitz,True,5,2025-12-18T16:30:05.000Z
2025-12-18 17:32:54.662451,5613,Swiss Bob Run,True,1,2025-12-18T16:30:05.000Z
2025-12-18 17:42:54.981263,5606,Alpine Express 'Enzian',True,1,2025-12-18T16:40:02.000Z
2025-12-18 17:42:54.981263,5624,Josefina’s Magical Imperial Journey,False,0,2025-12-18T16:40:02.000Z
2025-12-18 17:42:54.981263,5609,Tirol Log Flume,True,1,2025-12-18T16:40:02.000Z
2025-12-18 17:42:54.981263,5629,Vienna Wave Swing - 'Glückspilz',True,5,2025-12-18T16:40:02.000Z
2025-12-18 17:42:54.981263,13504,VirtualLine: Voltron Nevera powered by Rimac,True,29,2025-12-18T16:40:02.000Z
2025-12-18 17:42:54.981263,13349,Voltron Nevera powered by Rimac,True,20,2025-12-18T16:40:02.000Z
2025-12-18 17:42:54.981263,5621,Arena of Football - Be Part of It!,True,5,2025-12-18T16:40:02.000Z
2025-12-18 17:42:54.981263,5619,Euro-Tower,True,10,2025-12-18T16:40:02.000Z
2025-12-18 17:42:54.981263,5737,Eurosat - CanCan Coaster,True,10,2025-12-18T16:40:02.000Z
2025-12-18 17:42:54.981263,6280,Eurosat Coastiality,True,0,2025-12-18T16:40:02.000Z
2025-12-18 17:42:54.981263,5738,Madame Freudenreich Curiosités,True,1,2025-12-18T16:40:02.000Z
2025-12-18 17:42:54.981263,5604,Silver Star,True,5,2025-12-18T16:40:02.000Z
2025-12-18 17:42:54.981263,5631,Jim Button – Journey through Morrowland,True,1,2025-12-18T16:40:02.000Z
2025-12-18 17:42:54.981263,11753,VirtualLine: Voletarium,True,0,2025-12-18T16:40:02.000Z
2025-12-18 17:42:54.981263,5630,Voletarium,True,10,2025-12-18T16:40:02.000Z
2025-12-18 17:42:54.981263,5615,Atlantis Adventure,True,1,2025-12-18T16:40:02.000Z
2025-12-18 17:42:54.981263,5608,Pegasus,True,1,2025-12-18T16:40:02.000Z
2025-12-18 17:42:54.981263,11754,VirtualLine: Water Rollercoaster Poseidon,False,0,2025-12-18T16:40:02.000Z
2025-12-18 17:42:54.981263,5611,Water rollercoaster Poseidon,True,1,2025-12-18T16:40:02.000Z
2025-12-18 17:42:54.981263,5603,blue fire Megacoaster,True,5,2025-12-18T16:40:02.000Z
2025-12-18 17:42:54.981263,5614,Whale Adventures - Northern Lights,True,1,2025-12-18T16:40:02.000Z
2025-12-18 17:42:54.981263,5602,WODAN - Timburcoaster,True,15,2025-12-18T16:40:02.000Z
2025-12-18 17:42:54.981263,5622,Ba-a-a Express,True,5,2025-12-18T16:40:02.000Z
2025-12-18 17:42:54.981263,5623,Dancing Dingie,True,5,2025-12-18T16:40:02.000Z
2025-12-18 17:42:54.981263,5626,Old Mac Donald's Tractor Fun,True,1,2025-12-18T16:40:02.000Z
2025-12-18 17:42:54.981263,5616,Castello dei Medici,True,5,2025-12-18T16:40:02.000Z
2025-12-18 17:42:54.981263,5620,Volo da Vinci,True,1,2025-12-18T16:40:02.000Z
2025-12-18 17:42:54.981263,14534,GRAND PRIX EDventure,True,5,2025-12-18T16:40:02.000Z
2025-12-18 17:42:54.981263,5618,ARTHUR,True,20,2025-12-18T16:40:02.000Z
2025-12-18 17:42:54.981263,5627,Poppy Towers,True,5,2025-12-18T16:40:02.000Z
2025-12-18 17:42:54.981263,5617,Pirates in Batavia,True,5,2025-12-18T16:40:02.000Z
2025-12-18 17:42:54.981263,12440,'Bellevue' Ferris Wheel,True,5,2025-12-18T16:40:02.000Z
2025-12-18 17:42:54.981263,5610,Atlantica SuperSplash,False,0,2025-12-18T16:40:02.000Z
2025-12-18 17:42:54.981263,5605,Euro-Mir,True,1,2025-12-18T16:40:02.000Z
2025-12-18 17:42:54.981263,5612,Fjord-Rafting,False,0,2025-12-18T16:40:02.000Z
2025-12-18 17:42:54.981263,7301,Snorri Touren,True,1,2025-12-18T16:40:02.000Z
2025-12-18 17:42:54.981263,5628,Vindjammer,True,5,2025-12-18T16:40:02.000Z
2025-12-18 17:42:54.981263,5625,Kolumbusjolle,True,5,2025-12-18T16:40:02.000Z
2025-12-18 17:42:54.981263,5607,Matterhorn-Blitz,True,5,2025-12-18T16:40:02.000Z
2025-12-18 17:42:54.981263,5613,Swiss Bob Run,True,1,2025-12-18T16:40:02.000Z
2025-12-18 17:52:55.260322,5606,Alpine Express 'Enzian',True,1,2025-12-18T16:50:12.000Z
2025-12-18 17:52:55.260322,5624,Josefina’s Magical Imperial Journey,False,0,2025-12-18T16:50:12.000Z
2025-12-18 17:52:55.260322,5609,Tirol Log Flume,True,1,2025-12-18T16:50:12.000Z
2025-12-18 17:52:55.260322,5629,Vienna Wave Swing - 'Glückspilz',True,5,2025-12-18T16:50:12.000Z
2025-12-18 17:52:55.260322,13504,VirtualLine: Voltron Nevera powered by Rimac,True,29,2025-12-18T16:50:12.000Z
2025-12-18 17:52:55.260322,13349,Voltron Nevera powered by Rimac,True,20,2025-12-18T16:50:12.000Z
2025-12-18 17:52:55.260322,5621,Arena of Football - Be Part of It!,True,5,2025-12-18T16:50:12.000Z
2025-12-18 17:52:55.260322,5619,Euro-Tower,True,15,2025-12-18T16:50:12.000Z
2025-12-18 17:52:55.260322,5737,Eurosat - CanCan Coaster,True,5,2025-12-18T16:50:12.000Z
2025-12-18 17:52:55.260322,6280,Eurosat Coastiality,True,0,2025-12-18T16:50:12.000Z
2025-12-18 17:52:55.260322,5738,Madame Freudenreich Curiosités,True,1,2025-12-18T16:50:12.000Z
2025-12-18 17:52:55.260322,5604,Silver Star,True,5,2025-12-18T16:50:12.000Z
2025-12-18 17:52:55.260322,5631,Jim Button – Journey through Morrowland,True,1,2025-12-18T16:50:12.000Z
2025-12-18 17:52:55.260322,11753,VirtualLine: Voletarium,True,0,2025-12-18T16:50:12.000Z
2025-12-18 17:52:55.260322,5630,Voletarium,True,10,2025-12-18T16:50:12.000Z
2025-12-18 17:52:55.260322,5615,Atlantis Adventure,True,1,2025-12-18T16:50:12.000Z
2025-12-18 17:52:55.260322,5608,Pegasus,True,1,2025-12-18T16:50:12.000Z
2025-12-18 17:52:55.260322,11754,VirtualLine: Water Rollercoaster Poseidon,False,0,2025-12-18T16:50:12.000Z
2025-12-18 17:52:55.260322,5611,Water rollercoaster Poseidon,True,1,2025-12-18T16:50:12.000Z
2025-12-18 17:52:55.260322,5603,blue fire Megacoaster,True,5,2025-12-18T16:50:12.000Z
2025-12-18 17:52:55.260322,5614,Whale Adventures - Northern Lights,True,1,2025-12-18T16:50:12.000Z
2025-12-18 17:52:55.260322,5602,WODAN - Timburcoaster,True,15,2025-12-18T16:50:12.000Z
2025-12-18 17:52:55.260322,5622,Ba-a-a Express,True,5,2025-12-18T16:50:12.000Z
2025-12-18 17:52:55.260322,5623,Dancing Dingie,True,5,2025-12-18T16:50:12.000Z
2025-12-18 17:52:55.260322,5626,Old Mac Donald's Tractor Fun,True,1,2025-12-18T16:50:12.000Z
2025-12-18 17:52:55.260322,5616,Castello dei Medici,True,5,2025-12-18T16:50:12.000Z
2025-12-18 17:52:55.260322,5620,Volo da Vinci,True,1,2025-12-18T16:50:12.000Z
2025-12-18 17:52:55.260322,14534,GRAND PRIX EDventure,True,5,2025-12-18T16:50:12.000Z
2025-12-18 17:52:55.260322,5618,ARTHUR,True,10,2025-12-18T16:50:12.000Z
2025-12-18 17:52:55.260322,5627,Poppy Towers,True,5,2025-12-18T16:50:12.000Z
2025-12-18 17:52:55.260322,5617,Pirates in Batavia,True,1,2025-12-18T16:50:12.000Z
2025-12-18 17:52:55.260322,12440,'Bellevue' Ferris Wheel,True,5,2025-12-18T16:50:12.000Z
2025-12-18 17:52:55.260322,5610,Atlantica SuperSplash,False,0,2025-12-18T16:50:12.000Z
2025-12-18 17:52:55.260322,5605,Euro-Mir,True,1,2025-12-18T16:50:12.000Z
2025-12-18 17:52:55.260322,5612,Fjord-Rafting,False,0,2025-12-18T16:50:12.000Z
2025-12-18 17:52:55.260322,7301,Snorri Touren,True,1,2025-12-18T16:50:12.000Z
2025-12-18 17:52:55.260322,5628,Vindjammer,True,5,2025-12-18T16:50:12.000Z
2025-12-18 17:52:55.260322,5625,Kolumbusjolle,True,5,2025-12-18T16:50:12.000Z
2025-12-18 17:52:55.260322,5607,Matterhorn-Blitz,True,5,2025-12-18T16:50:12.000Z
2025-12-18 17:52:55.260322,5613,Swiss Bob Run,True,1,2025-12-18T16:50:12.000Z
2025-12-18 18:02:55.350687,5606,Alpine Express 'Enzian',True,1,2025-12-18T17:00:04.000Z
2025-12-18 18:02:55.350687,5624,Josefina’s Magical Imperial Journey,True,1,2025-12-18T17:00:04.000Z
2025-12-18 18:02:55.350687,5609,Tirol Log Flume,True,1,2025-12-18T17:00:04.000Z
2025-12-18 18:02:55.350687,5629,Vienna Wave Swing - 'Glückspilz',True,5,2025-12-18T17:00:04.000Z
2025-12-18 18:02:55.350687,13504,VirtualLine: Voltron Nevera powered by Rimac,True,39,2025-12-18T17:00:04.000Z
2025-12-18 18:02:55.350687,13349,Voltron Nevera powered by Rimac,True,20,2025-12-18T17:00:04.000Z
2025-12-18 18:02:55.350687,5621,Arena of Football - Be Part of It!,True,5,2025-12-18T17:00:04.000Z
2025-12-18 18:02:55.350687,5619,Euro-Tower,True,15,2025-12-18T17:00:04.000Z
2025-12-18 18:02:55.350687,5737,Eurosat - CanCan Coaster,True,5,2025-12-18T17:00:04.000Z
2025-12-18 18:02:55.350687,6280,Eurosat Coastiality,True,0,2025-12-18T17:00:04.000Z
2025-12-18 18:02:55.350687,5738,Madame Freudenreich Curiosités,True,1,2025-12-18T17:00:04.000Z
2025-12-18 18:02:55.350687,5604,Silver Star,True,5,2025-12-18T17:00:04.000Z
2025-12-18 18:02:55.350687,5631,Jim Button – Journey through Morrowland,True,1,2025-12-18T17:00:04.000Z
2025-12-18 18:02:55.350687,11753,VirtualLine: Voletarium,True,0,2025-12-18T17:00:04.000Z
2025-12-18 18:02:55.350687,5630,Voletarium,True,10,2025-12-18T17:00:04.000Z
2025-12-18 18:02:55.350687,5615,Atlantis Adventure,True,1,2025-12-18T17:00:04.000Z
2025-12-18 18:02:55.350687,5608,Pegasus,True,1,2025-12-18T17:00:04.000Z
2025-12-18 18:02:55.350687,11754,VirtualLine: Water Rollercoaster Poseidon,False,0,2025-12-18T17:00:04.000Z
2025-12-18 18:02:55.350687,5611,Water rollercoaster Poseidon,True,1,2025-12-18T17:00:04.000Z
2025-12-18 18:02:55.350687,5603,blue fire Megacoaster,True,5,2025-12-18T17:00:04.000Z
2025-12-18 18:02:55.350687,5614,Whale Adventures - Northern Lights,True,1,2025-12-18T17:00:04.000Z
2025-12-18 18:02:55.350687,5602,WODAN - Timburcoaster,True,5,2025-12-18T17:00:04.000Z
2025-12-18 18:02:55.350687,5622,Ba-a-a Express,True,5,2025-12-18T17:00:04.000Z
2025-12-18 18:02:55.350687,5623,Dancing Dingie,True,5,2025-12-18T17:00:04.000Z
2025-12-18 18:02:55.350687,5626,Old Mac Donald's Tractor Fun,True,1,2025-12-18T17:00:04.000Z
2025-12-18 18:02:55.350687,5616,Castello dei Medici,True,5,2025-12-18T17:00:04.000Z
2025-12-18 18:02:55.350687,5620,Volo da Vinci,True,1,2025-12-18T17:00:04.000Z
2025-12-18 18:02:55.350687,14534,GRAND PRIX EDventure,True,5,2025-12-18T17:00:04.000Z
2025-12-18 18:02:55.350687,5618,ARTHUR,True,5,2025-12-18T17:00:04.000Z
2025-12-18 18:02:55.350687,5627,Poppy Towers,True,5,2025-12-18T17:00:04.000Z
2025-12-18 18:02:55.350687,5617,Pirates in Batavia,True,1,2025-12-18T17:00:04.000Z
2025-12-18 18:02:55.350687,12440,'Bellevue' Ferris Wheel,True,5,2025-12-18T17:00:04.000Z
2025-12-18 18:02:55.350687,5610,Atlantica SuperSplash,False,0,2025-12-18T17:00:04.000Z
2025-12-18 18:02:55.350687,5605,Euro-Mir,True,1,2025-12-18T17:00:04.000Z
2025-12-18 18:02:55.350687,5612,Fjord-Rafting,False,0,2025-12-18T17:00:04.000Z
2025-12-18 18:02:55.350687,7301,Snorri Touren,True,1,2025-12-18T17:00:04.000Z
2025-12-18 18:02:55.350687,5628,Vindjammer,True,5,2025-12-18T17:00:04.000Z
2025-12-18 18:02:55.350687,5625,Kolumbusjolle,True,5,2025-12-18T17:00:04.000Z
2025-12-18 18:02:55.350687,5607,Matterhorn-Blitz,True,5,2025-12-18T17:00:04.000Z
2025-12-18 18:02:55.350687,5613,Swiss Bob Run,True,1,2025-12-18T17:00:04.000Z
2025-12-18 18:12:55.422167,5606,Alpine Express 'Enzian',True,1,2025-12-18T17:10:04.000Z
2025-12-18 18:12:55.422167,5624,Josefina’s Magical Imperial Journey,True,1,2025-12-18T17:10:04.000Z
2025-12-18 18:12:55.422167,5609,Tirol Log Flume,True,1,2025-12-18T17:10:04.000Z
2025-12-18 18:12:55.422167,5629,Vienna Wave Swing - 'Glückspilz',True,5,2025-12-18T17:10:04.000Z
2025-12-18 18:12:55.422167,13504,VirtualLine: Voltron Nevera powered by Rimac,True,19,2025-12-18T17:10:04.000Z
2025-12-18 18:12:55.422167,13349,Voltron Nevera powered by Rimac,True,20,2025-12-18T17:10:04.000Z
2025-12-18 18:12:55.422167,5621,Arena of Football - Be Part of It!,True,5,2025-12-18T17:10:04.000Z
2025-12-18 18:12:55.422167,5619,Euro-Tower,True,15,2025-12-18T17:10:04.000Z
2025-12-18 18:12:55.422167,5737,Eurosat - CanCan Coaster,True,5,2025-12-18T17:10:04.000Z
2025-12-18 18:12:55.422167,6280,Eurosat Coastiality,True,0,2025-12-18T17:10:04.000Z
2025-12-18 18:12:55.422167,5738,Madame Freudenreich Curiosités,True,1,2025-12-18T17:10:04.000Z
2025-12-18 18:12:55.422167,5604,Silver Star,True,5,2025-12-18T17:10:04.000Z
2025-12-18 18:12:55.422167,5631,Jim Button – Journey through Morrowland,True,1,2025-12-18T17:10:04.000Z
2025-12-18 18:12:55.422167,11753,VirtualLine: Voletarium,True,0,2025-12-18T17:10:04.000Z
2025-12-18 18:12:55.422167,5630,Voletarium,True,10,2025-12-18T17:10:04.000Z
2025-12-18 18:12:55.422167,5615,Atlantis Adventure,True,1,2025-12-18T17:10:04.000Z
2025-12-18 18:12:55.422167,5608,Pegasus,True,1,2025-12-18T17:10:04.000Z
2025-12-18 18:12:55.422167,11754,VirtualLine: Water Rollercoaster Poseidon,False,0,2025-12-18T17:10:04.000Z
2025-12-18 18:12:55.422167,5611,Water rollercoaster Poseidon,True,1,2025-12-18T17:10:04.000Z
2025-12-18 18:12:55.422167,5603,blue fire Megacoaster,True,5,2025-12-18T17:10:04.000Z
2025-12-18 18:12:55.422167,5614,Whale Adventures - Northern Lights,True,1,2025-12-18T17:10:04.000Z
2025-12-18 18:12:55.422167,5602,WODAN - Timburcoaster,True,5,2025-12-18T17:10:04.000Z
2025-12-18 18:12:55.422167,5622,Ba-a-a Express,True,5,2025-12-18T17:10:04.000Z
2025-12-18 18:12:55.422167,5623,Dancing Dingie,True,5,2025-12-18T17:10:04.000Z
2025-12-18 18:12:55.422167,5626,Old Mac Donald's Tractor Fun,True,1,2025-12-18T17:10:04.000Z
2025-12-18 18:12:55.422167,5616,Castello dei Medici,True,5,2025-12-18T17:10:04.000Z
2025-12-18 18:12:55.422167,5620,Volo da Vinci,True,1,2025-12-18T17:10:04.000Z
2025-12-18 18:12:55.422167,14534,GRAND PRIX EDventure,True,5,2025-12-18T17:10:04.000Z
2025-12-18 18:12:55.422167,5618,ARTHUR,True,25,2025-12-18T17:10:04.000Z
2025-12-18 18:12:55.422167,5627,Poppy Towers,True,5,2025-12-18T17:10:04.000Z
2025-12-18 18:12:55.422167,5617,Pirates in Batavia,True,10,2025-12-18T17:10:04.000Z
2025-12-18 18:12:55.422167,12440,'Bellevue' Ferris Wheel,True,5,2025-12-18T17:10:04.000Z
2025-12-18 18:12:55.422167,5610,Atlantica SuperSplash,False,0,2025-12-18T17:10:04.000Z
2025-12-18 18:12:55.422167,5605,Euro-Mir,True,1,2025-12-18T17:10:04.000Z
2025-12-18 18:12:55.422167,5612,Fjord-Rafting,False,0,2025-12-18T17:10:04.000Z
2025-12-18 18:12:55.422167,7301,Snorri Touren,True,1,2025-12-18T17:10:04.000Z
2025-12-18 18:12:55.422167,5628,Vindjammer,True,5,2025-12-18T17:10:04.000Z
2025-12-18 18:12:55.422167,5625,Kolumbusjolle,True,5,2025-12-18T17:10:04.000Z
2025-12-18 18:12:55.422167,5607,Matterhorn-Blitz,True,5,2025-12-18T17:10:04.000Z
2025-12-18 18:12:55.422167,5613,Swiss Bob Run,True,1,2025-12-18T17:10:04.000Z
2025-12-18 18:39:57.833777,5606,Alpine Express 'Enzian',True,1,2025-12-18T17:35:05.000Z
2025-12-18 18:39:57.833777,5624,Josefina’s Magical Imperial Journey,True,1,2025-12-18T17:35:05.000Z
2025-12-18 18:39:57.833777,5609,Tirol Log Flume,True,1,2025-12-18T17:35:05.000Z
2025-12-18 18:39:57.833777,5629,Vienna Wave Swing - 'Glückspilz',True,5,2025-12-18T17:35:05.000Z
2025-12-18 18:39:57.833777,13504,VirtualLine: Voltron Nevera powered by Rimac,True,14,2025-12-18T17:35:05.000Z
2025-12-18 18:39:57.833777,13349,Voltron Nevera powered by Rimac,True,10,2025-12-18T17:35:05.000Z
2025-12-18 18:39:57.833777,5621,Arena of Football - Be Part of It!,True,5,2025-12-18T17:35:05.000Z
2025-12-18 18:39:57.833777,5619,Euro-Tower,True,15,2025-12-18T17:35:05.000Z
2025-12-18 18:39:57.833777,5737,Eurosat - CanCan Coaster,True,5,2025-12-18T17:35:05.000Z
2025-12-18 18:39:57.833777,6280,Eurosat Coastiality,True,0,2025-12-18T17:35:05.000Z
2025-12-18 18:39:57.833777,5738,Madame Freudenreich Curiosités,True,1,2025-12-18T17:35:05.000Z
2025-12-18 18:39:57.833777,5604,Silver Star,True,15,2025-12-18T17:35:05.000Z
2025-12-18 18:39:57.833777,5631,Jim Button – Journey through Morrowland,True,1,2025-12-18T17:35:05.000Z
2025-12-18 18:39:57.833777,11753,VirtualLine: Voletarium,True,0,2025-12-18T17:35:05.000Z
2025-12-18 18:39:57.833777,5630,Voletarium,True,15,2025-12-18T17:35:05.000Z
2025-12-18 18:39:57.833777,5615,Atlantis Adventure,True,1,2025-12-18T17:35:05.000Z
2025-12-18 18:39:57.833777,5608,Pegasus,True,1,2025-12-18T17:35:05.000Z
2025-12-18 18:39:57.833777,11754,VirtualLine: Water Rollercoaster Poseidon,False,0,2025-12-18T17:35:05.000Z
2025-12-18 18:39:57.833777,5611,Water rollercoaster Poseidon,True,1,2025-12-18T17:35:05.000Z
2025-12-18 18:39:57.833777,5603,blue fire Megacoaster,True,5,2025-12-18T17:35:05.000Z
2025-12-18 18:39:57.833777,5614,Whale Adventures - Northern Lights,True,1,2025-12-18T17:35:05.000Z
2025-12-18 18:39:57.833777,5602,WODAN - Timburcoaster,True,10,2025-12-18T17:35:05.000Z
2025-12-18 18:39:57.833777,5622,Ba-a-a Express,True,5,2025-12-18T17:35:05.000Z
2025-12-18 18:39:57.833777,5623,Dancing Dingie,True,5,2025-12-18T17:35:05.000Z
2025-12-18 18:39:57.833777,5626,Old Mac Donald's Tractor Fun,True,1,2025-12-18T17:35:05.000Z
2025-12-18 18:39:57.833777,5616,Castello dei Medici,True,5,2025-12-18T17:35:05.000Z
2025-12-18 18:39:57.833777,5620,Volo da Vinci,True,1,2025-12-18T17:35:05.000Z
2025-12-18 18:39:57.833777,14534,GRAND PRIX EDventure,True,5,2025-12-18T17:35:05.000Z
2025-12-18 18:39:57.833777,5618,ARTHUR,True,25,2025-12-18T17:35:05.000Z
2025-12-18 18:39:57.833777,5627,Poppy Towers,True,5,2025-12-18T17:35:05.000Z
2025-12-18 18:39:57.833777,5617,Pirates in Batavia,True,1,2025-12-18T17:35:05.000Z
2025-12-18 18:39:57.833777,12440,'Bellevue' Ferris Wheel,True,5,2025-12-18T17:35:05.000Z
2025-12-18 18:39:57.833777,5610,Atlantica SuperSplash,False,0,2025-12-18T17:35:05.000Z
2025-12-18 18:39:57.833777,5605,Euro-Mir,True,1,2025-12-18T17:35:05.000Z
2025-12-18 18:39:57.833777,5612,Fjord-Rafting,False,0,2025-12-18T17:35:05.000Z
2025-12-18 18:39:57.833777,7301,Snorri Touren,True,1,2025-12-18T17:35:05.000Z
2025-12-18 18:39:57.833777,5628,Vindjammer,True,5,2025-12-18T17:35:05.000Z
2025-12-18 18:39:57.833777,5625,Kolumbusjolle,True,5,2025-12-18T17:35:05.000Z
2025-12-18 18:39:57.833777,5607,Matterhorn-Blitz,True,5,2025-12-18T17:35:05.000Z
2025-12-18 18:39:57.833777,5613,Swiss Bob Run,True,1,2025-12-18T17:35:05.000Z
